room_number,Customer,Companions,Products,email,Preauthorizations,Balance including preauthorizations,check_in_date,check_out_date
203-1,Guest1,1 People 5/27/2023 - 7/10/2023,,emailaddress_1@gmail.com,0,2561.53,5/27/23 11:00,7/10/23 10:00
203-2,Guest2,1 People 6/9/2023 - 6/13/2023,,emailaddress_1@gmail.com,0,0,6/9/23 11:00,6/13/23 10:00
203-2,Guest3,1 People 6/8/2023 - 6/9/2023,,emailaddress_1@gmail.com,0,0,6/8/23 11:00,6/9/23 10:00
203-2,Guest4,1 People 6/3/2023 - 6/8/2023,,emailaddress_1@gmail.com,100,-100,6/3/23 11:00,6/8/23 10:00
203-3,Guest5,1 People 6/3/2023 - 6/17/2023,,emailaddress_1@gmail.com,100,-100,6/3/23 11:00,6/17/23 10:00
203-4,Guest6,1 People 6/2/2023 - 6/5/2023,,emailaddress_1@gmail.com,100,-100,6/2/23 11:00,6/5/23 10:00
203-4,Guest7,1 People 6/5/2023 - 6/8/2023,,emailaddress_1@gmail.com,0,-0.01,6/5/23 11:00,6/8/23 10:00
203-4,Guest8,1 People 6/8/2023 - 6/11/2023,,emailaddress_1@gmail.com,0,0,6/8/23 11:00,6/11/23 10:00
203-4,Guest9,1 People 6/11/2023 - 6/20/2023,,emailaddress_1@gmail.com,0,0,6/11/23 11:00,6/20/23 10:00
203-5,Guest10,1 People 6/5/2023 - 6/8/2023,,emailaddress_1@gmail.com,0,0,6/5/23 11:00,6/8/23 10:00
203-5,Guest11,1 People 6/8/2023 - 6/15/2023,,emailaddress_1@gmail.com,0,576.76,6/8/23 11:00,6/15/23 10:00
203-6,Guest12,1 People 6/6/2023 - 6/9/2023,,emailaddress_1@gmail.com,0,0,6/6/23 11:00,6/9/23 10:00
203-6,Guest13,1 People 6/9/2023 - 6/11/2023,,emailaddress_1@gmail.com,0,0,6/9/23 11:00,6/11/23 10:00
203-6,Guest14,1 People 6/5/2023 - 6/6/2023,,emailaddress_1@gmail.com,0,0,6/5/23 11:00,6/6/23 10:00
204-1,Guest15,1 People 6/8/2023 - 6/9/2023,,emailaddress_1@gmail.com,0,0,6/8/23 11:00,6/9/23 10:00
204-1,Guest16,1 People 6/7/2023 - 6/8/2023,,emailaddress_1@gmail.com,0,83.59,6/7/23 11:00,6/8/23 10:00
204-1,Guest17,1 People 6/2/2023 - 6/7/2023,,emailaddress_1@gmail.com,100,-100,6/2/23 11:00,6/7/23 10:00
204-1,Guest18,1 People 6/9/2023 - 6/12/2023,,emailaddress_1@gmail.com,0,0,6/9/23 11:00,6/12/23 10:00
204-2,Guest19,1 People 6/5/2023 - 6/12/2023,,emailaddress_1@gmail.com,0,0,6/5/23 11:00,6/12/23 10:00
204-3,Guest20,1 People 6/10/2023 - 6/12/2023,,emailaddress_1@gmail.com,0,185.6,6/10/23 11:00,6/12/23 10:00
204-3,Guest21,1 People 6/1/2023 - 6/5/2023,,emailaddress_1@gmail.com,0,0,6/1/23 11:00,6/5/23 10:00
204-3,Guest22,1 People 6/6/2023 - 6/10/2023,,emailaddress_1@gmail.com,0,294.61,6/6/23 11:00,6/10/23 10:00
204-4,Guest23,1 People 6/10/2023 - 6/11/2023,,emailaddress_1@gmail.com,0,0,6/10/23 11:00,6/11/23 10:00
204-4,Guest24,1 People 6/6/2023 - 6/9/2023,,emailaddress_1@gmail.com,0,0,6/6/23 11:00,6/9/23 10:00
204-4,Guest25,1 People 6/9/2023 - 6/10/2023,,emailaddress_1@gmail.com,0,0,6/9/23 11:00,6/10/23 10:00
204-4,Guest26,1 People 6/11/2023 - 6/14/2023,,emailaddress_1@gmail.com,0,259,6/11/23 11:00,6/14/23 10:00
205-1,Guest27,1 People 6/5/2023 - 6/12/2023,,emailaddress_1@gmail.com,0,-0.04,6/5/23 11:00,6/12/23 10:00
205-2,Guest28,1 People 6/6/2023 - 6/7/2023,,emailaddress_1@gmail.com,0,0,6/6/23 11:00,6/7/23 10:00
205-2,Guest29,1 People 6/9/2023 - 6/13/2023,,emailaddress_1@gmail.com,0,0,6/9/23 11:00,6/13/23 10:00
205-3,Guest30,1 People 6/5/2023 - 6/10/2023,,emailaddress_1@gmail.com,0,0,6/5/23 11:00,6/10/23 10:00
205-3,Guest31,1 People 6/10/2023 - 6/12/2023,,emailaddress_1@gmail.com,0,0,6/10/23 11:00,6/12/23 10:00
205-4,Guest32,1 People 6/9/2023 - 6/12/2023,,emailaddress_1@gmail.com,0,311.08,6/9/23 11:00,6/12/23 10:00
205-4,Guest33,1 People 6/1/2023 - 6/9/2023,,emailaddress_1@gmail.com,0,0,6/1/23 11:00,6/9/23 10:00
206-1,Guest34,1 People 6/8/2023 - 6/11/2023,,emailaddress_1@gmail.com,0,0,6/8/23 11:00,6/11/23 10:00
206-1,Guest35,1 People 6/11/2023 - 6/17/2023,,emailaddress_1@gmail.com,0,0,6/11/23 11:00,6/17/23 10:00
206-1,Guest36,1 People 6/3/2023 - 6/7/2023,,emailaddress_1@gmail.com,100,-100,6/3/23 11:00,6/7/23 10:00
206-2,Guest37,1 People 6/4/2023 - 6/13/2023,,emailaddress_1@gmail.com,0,0,6/4/23 11:00,6/13/23 10:00
206-3,Guest38,1 People 6/9/2023 - 6/11/2023,,emailaddress_1@gmail.com,0,0,6/9/23 11:00,6/11/23 10:00
206-3,Guest39,1 People 6/6/2023 - 6/9/2023,,emailaddress_1@gmail.com,0,240.09,6/6/23 11:00,6/9/23 10:00
206-3,Guest40,1 People 6/11/2023 - 6/17/2023,,emailaddress_1@gmail.com,0,697.41,6/11/23 11:00,6/17/23 10:00
206-3,Guest41,1 People 6/1/2023 - 6/6/2023,,emailaddress_1@gmail.com,0,0,6/1/23 11:00,6/6/23 10:00
206-4,Guest42,1 People 6/10/2023 - 6/11/2023,,emailaddress_1@gmail.com,0,88.4,6/10/23 11:00,6/11/23 10:00
206-4,Guest43,1 People 6/11/2023 - 6/15/2023,,emailaddress_1@gmail.com,0,0,6/11/23 11:00,6/15/23 10:00
206-4,Guest44,1 People 6/5/2023 - 6/10/2023,,emailaddress_1@gmail.com,0,0,6/5/23 11:00,6/10/23 10:00
206-5,Guest45,1 People 6/1/2023 - 6/12/2023,,emailaddress_1@gmail.com,0,0,6/1/23 11:00,6/12/23 10:00
206-6,Guest46,1 People 6/4/2023 - 6/18/2023,,emailaddress_1@gmail.com,,,6/4/23 11:00,6/18/23 10:00
207-1,Guest47,1 People 6/11/2023 - 6/13/2023,,emailaddress_1@gmail.com,0,0,6/11/23 11:00,6/13/23 10:00
207-1,Guest48,1 People 6/5/2023 - 6/11/2023,,emailaddress_1@gmail.com,0,0,6/5/23 11:00,6/11/23 10:00
207-2,Guest49,1 People 6/6/2023 - 6/9/2023,,emailaddress_1@gmail.com,0,289.39,6/6/23 11:00,6/9/23 10:00
207-2,Guest50,1 People 6/9/2023 - 6/12/2023,,emailaddress_1@gmail.com,0,0,6/9/23 11:00,6/12/23 10:00
207-2,Guest51,1 People 6/5/2023 - 6/6/2023,,emailaddress_1@gmail.com,0,0,6/5/23 11:00,6/6/23 10:00
207-3,Guest52,1 People 6/8/2023 - 6/12/2023,,emailaddress_1@gmail.com,0,0,6/8/23 11:00,6/12/23 10:00
207-3,Guest53,1 People 6/4/2023 - 6/8/2023,,emailaddress_1@gmail.com,0,0,6/4/23 11:00,6/8/23 10:00
207-4,Guest54,1 People 6/6/2023 - 6/7/2023,,emailaddress_1@gmail.com,0,0,6/6/23 11:00,6/7/23 10:00
207-4,Guest55,1 People 6/4/2023 - 6/6/2023,,emailaddress_1@gmail.com,100,-100,6/4/23 11:00,6/6/23 10:00
207-4,Guest56,1 People 6/8/2023 - 6/11/2023,,emailaddress_1@gmail.com,0,0,6/8/23 11:00,6/11/23 10:00
208-1,Guest57,1 People 6/9/2023 - 6/12/2023,,emailaddress_1@gmail.com,0,394.68,6/9/23 11:00,6/12/23 10:00
208-1,Guest58,1 People 6/4/2023 - 6/9/2023,,emailaddress_1@gmail.com,0,0,6/4/23 11:00,6/9/23 10:00
208-2,Guest59,1 People 6/6/2023 - 6/11/2023,,emailaddress_1@gmail.com,0,0,6/6/23 11:00,6/11/23 10:00
208-2,Guest60,1 People 6/4/2023 - 6/6/2023,,emailaddress_1@gmail.com,0,0,6/4/23 11:00,6/6/23 10:00
208-2,Guest61,1 People 6/11/2023 - 6/13/2023,,emailaddress_1@gmail.com,0,229.31,6/11/23 11:00,6/13/23 10:00
208-3,Guest62,1 People 6/5/2023 - 6/7/2023,,emailaddress_1@gmail.com,0,0,6/5/23 11:00,6/7/23 10:00
208-3,Guest63,1 People 6/9/2023 - 6/17/2023,,emailaddress_1@gmail.com,0,794.4,6/9/23 11:00,6/17/23 10:00
208-3,Guest64,1 People 6/7/2023 - 6/8/2023,,emailaddress_1@gmail.com,0,0,6/7/23 11:00,6/8/23 10:00
208-4,Guest65,1 People 6/6/2023 - 6/11/2023,,emailaddress_1@gmail.com,0,0,6/6/23 11:00,6/11/23 10:00
208-4,Guest66,1 People 6/11/2023 - 6/12/2023,,emailaddress_1@gmail.com,0,0,6/11/23 11:00,6/12/23 10:00
208-4,Guest67,1 People 6/4/2023 - 6/6/2023,,emailaddress_1@gmail.com,100,-100,6/4/23 11:00,6/6/23 10:00
208-5,Guest68,1 People 5/29/2023 - 6/11/2023,,emailaddress_1@gmail.com,100,-100,5/29/23 11:00,6/11/23 10:00
208-5,Guest69,1 People 6/11/2023 - 6/14/2023,,emailaddress_1@gmail.com,0,0,6/11/23 11:00,6/14/23 10:00
208-6,Guest70,1 People 6/10/2023 - 6/13/2023,,emailaddress_1@gmail.com,0,359.62,6/10/23 11:00,6/13/23 10:00
208-6,Guest71,1 People 6/5/2023 - 6/10/2023,,emailaddress_1@gmail.com,0,0,6/5/23 11:00,6/10/23 10:00
209-1,Guest72,1 People 6/8/2023 - 6/13/2023,,emailaddress_1@gmail.com,0,0,6/8/23 11:00,6/13/23 10:00
209-1,Guest73,1 People 6/4/2023 - 6/7/2023,,emailaddress_1@gmail.com,0,0,6/4/23 11:00,6/7/23 10:00
209-2,Guest74,1 People 6/11/2023 - 6/18/2023,,emailaddress_1@gmail.com,0,901.19,6/11/23 11:00,6/18/23 10:00
209-2,Guest75,1 People 6/10/2023 - 6/11/2023,,emailaddress_1@gmail.com,0,141.2,6/10/23 11:00,6/11/23 10:00
209-2,Guest76,1 People 6/2/2023 - 6/7/2023,,emailaddress_1@gmail.com,100,-100,6/2/23 11:00,6/7/23 10:00
209-2,Guest77,1 People 6/7/2023 - 6/10/2023,,emailaddress_1@gmail.com,0,0,6/7/23 11:00,6/10/23 10:00
209-3,Guest78,1 People 5/28/2023 - 6/14/2023,,emailaddress_1@gmail.com,0,5.43,5/28/23 11:00,6/14/23 10:00
209-4,Guest79,1 People 6/7/2023 - 6/9/2023,,emailaddress_1@gmail.com,0,175.82,6/7/23 11:00,6/9/23 10:00
209-4,Guest80,1 People 6/4/2023 - 6/7/2023,,emailaddress_1@gmail.com,0,0,6/4/23 11:00,6/7/23 10:00
209-4,Guest81,1 People 6/9/2023 - 6/14/2023,,emailaddress_1@gmail.com,0,429.47,6/9/23 11:00,6/14/23 10:00
209-5,Guest82,1 People 6/6/2023 - 6/7/2023,,emailaddress_1@gmail.com,0,0,6/6/23 11:00,6/7/23 10:00
209-5,Guest83,1 People 6/10/2023 - 6/20/2023,,emailaddress_1@gmail.com,0,1062.7,6/10/23 11:00,6/20/23 10:00
209-5,Guest84,1 People 6/2/2023 - 6/6/2023,,emailaddress_1@gmail.com,100,-100,6/2/23 11:00,6/6/23 10:00
209-5,Guest85,1 People 6/7/2023 - 6/8/2023,,emailaddress_1@gmail.com,0,0,6/7/23 11:00,6/8/23 10:00
209-5,Guest86,1 People 6/8/2023 - 6/10/2023,,emailaddress_1@gmail.com,0,0,6/8/23 11:00,6/10/23 10:00
210-1,Guest87,1 People 6/10/2023 - 6/15/2023,,emailaddress_1@gmail.com,0,584.37,6/10/23 11:00,6/15/23 10:00
210-1,Guest88,1 People 6/7/2023 - 6/10/2023,,emailaddress_1@gmail.com,0,219.49,6/7/23 11:00,6/10/23 10:00
210-1,Guest89,1 People 6/1/2023 - 6/6/2023,,emailaddress_1@gmail.com,0,0,6/1/23 11:00,6/6/23 10:00
210-1,Guest90,1 People 6/6/2023 - 6/7/2023,,emailaddress_1@gmail.com,,,6/6/23 11:00,6/7/23 10:00
210-2,Guest91,1 People 6/7/2023 - 6/8/2023,,emailaddress_1@gmail.com,0,0,6/7/23 11:00,6/8/23 10:00
210-2,Guest92,1 People 6/8/2023 - 6/12/2023,,emailaddress_1@gmail.com,0,0,6/8/23 11:00,6/12/23 10:00
210-2,Guest93,1 People 6/6/2023 - 6/7/2023,,emailaddress_1@gmail.com,0,0,6/6/23 11:00,6/7/23 10:00
210-2,Guest94,1 People 6/2/2023 - 6/6/2023,,emailaddress_1@gmail.com,100,-100,6/2/23 11:00,6/6/23 10:00
210-3,Guest95,1 People 6/9/2023 - 6/10/2023,,emailaddress_1@gmail.com,0,0,6/9/23 11:00,6/10/23 10:00
210-3,Guest96,1 People 6/6/2023 - 6/7/2023,,emailaddress_1@gmail.com,0,0,6/6/23 11:00,6/7/23 10:00
210-3,Guest97,1 People 6/10/2023 - 6/11/2023,,emailaddress_1@gmail.com,0,104.02,6/10/23 11:00,6/11/23 10:00
210-3,Guest98,1 People 6/11/2023 - 6/13/2023,,emailaddress_1@gmail.com,0,176.17,6/11/23 11:00,6/13/23 10:00
210-3,Guest99,1 People 6/2/2023 - 6/6/2023,,emailaddress_1@gmail.com,100,-100,6/2/23 11:00,6/6/23 10:00
210-4,Guest100,1 People 6/7/2023 - 6/8/2023,,emailaddress_1@gmail.com,0,0,6/7/23 11:00,6/8/23 10:00
210-4,Guest101,1 People 6/8/2023 - 6/10/2023,,emailaddress_1@gmail.com,0,0,6/8/23 11:00,6/10/23 10:00
210-4,Guest102,1 People 5/31/2023 - 6/7/2023,,emailaddress_1@gmail.com,100,-100,5/31/23 11:00,6/7/23 10:00
210-4,Guest103,1 People 6/10/2023 - 6/12/2023,,emailaddress_1@gmail.com,0,245.41,6/10/23 11:00,6/12/23 10:00
210-5,Guest104,1 People 6/6/2023 - 6/7/2023,,emailaddress_1@gmail.com,0,0,6/6/23 11:00,6/7/23 10:00
210-5,Guest105,1 People 6/7/2023 - 6/13/2023,,emailaddress_1@gmail.com,0,477.33,6/7/23 11:00,6/13/23 10:00
210-5,Guest106,1 People 6/5/2023 - 6/6/2023,,emailaddress_1@gmail.com,0,0,6/5/23 11:00,6/6/23 10:00
210-6,Guest107,1 People 6/5/2023 - 6/10/2023,,emailaddress_1@gmail.com,,,6/5/23 11:00,6/10/23 10:00
210-6,Guest108,1 People 6/11/2023 - 6/14/2023,,emailaddress_1@gmail.com,0,0,6/11/23 11:00,6/14/23 10:00
210-6,Guest109,1 People 6/10/2023 - 6/11/2023,,emailaddress_1@gmail.com,0,469.87,6/10/23 11:00,6/11/23 10:00
301-1,Guest110,1 People 6/8/2023 - 6/14/2023,,emailaddress_1@gmail.com,0,761.47,6/8/23 11:00,6/14/23 10:00
301-1,Guest111,1 People 6/6/2023 - 6/8/2023,,emailaddress_1@gmail.com,0,0,6/6/23 11:00,6/8/23 10:00
301-2,Guest112,1 People 6/9/2023 - 6/11/2023,,emailaddress_1@gmail.com,0,0,6/9/23 11:00,6/11/23 10:00
301-2,Guest113,1 People 6/11/2023 - 6/13/2023,,emailaddress_1@gmail.com,0,0,6/11/23 11:00,6/13/23 10:00
301-2,Guest114,1 People 6/6/2023 - 6/9/2023,,emailaddress_1@gmail.com,0,0,6/6/23 11:00,6/9/23 10:00
302-1,Guest115,1 People 6/9/2023 - 6/12/2023,,emailaddress_1@gmail.com,,,6/9/23 11:00,6/12/23 10:00
302-1,Guest116,1 People 5/30/2023 - 6/8/2023,,emailaddress_1@gmail.com,100,-100,5/30/23 11:00,6/8/23 10:00
302-2,Guest117,1 People 6/11/2023 - 6/16/2023,,emailaddress_1@gmail.com,0,399.13,6/11/23 11:00,6/16/23 10:00
302-2,Guest118,1 People 6/8/2023 - 6/11/2023,,emailaddress_1@gmail.com,0,368.85,6/8/23 11:00,6/11/23 10:00
302-2,Guest119,1 People 6/6/2023 - 6/8/2023,,emailaddress_1@gmail.com,0,0,6/6/23 11:00,6/8/23 10:00
302-3,Guest120,1 People 6/5/2023 - 6/7/2023,,emailaddress_1@gmail.com,0,0,6/5/23 11:00,6/7/23 10:00
302-3,Guest121,1 People 6/7/2023 - 6/11/2023,,emailaddress_1@gmail.com,0,444.96,6/7/23 11:00,6/11/23 10:00
302-4,Guest122,1 People 6/9/2023 - 6/11/2023,,emailaddress_1@gmail.com,,,6/9/23 11:00,6/11/23 10:00
302-4,Guest123,1 People 6/7/2023 - 6/8/2023,,emailaddress_1@gmail.com,0,0,6/7/23 11:00,6/8/23 10:00
302-4,Guest124,1 People 6/6/2023 - 6/7/2023,,emailaddress_1@gmail.com,0,0,6/6/23 11:00,6/7/23 10:00
302-4,Guest125,1 People 6/5/2023 - 6/6/2023,,emailaddress_1@gmail.com,0,0,6/5/23 11:00,6/6/23 10:00
302-4,Guest126,1 People 6/8/2023 - 6/9/2023,,emailaddress_1@gmail.com,0,68.11,6/8/23 11:00,6/9/23 10:00
303-1,Guest127,1 People 6/9/2023 - 6/12/2023,,emailaddress_1@gmail.com,0,0,6/9/23 11:00,6/12/23 10:00
303-1,Guest128,1 People 6/5/2023 - 6/7/2023,,emailaddress_1@gmail.com,0,0,6/5/23 11:00,6/7/23 10:00
303-2,Guest129,1 People 6/5/2023 - 6/6/2023,,emailaddress_1@gmail.com,0,0,6/5/23 11:00,6/6/23 10:00
303-2,Guest130,1 People 6/8/2023 - 6/12/2023,,emailaddress_1@gmail.com,0,0,6/8/23 11:00,6/12/23 10:00
303-2,Guest131,1 People 6/6/2023 - 6/8/2023,,emailaddress_1@gmail.com,0,0,6/6/23 11:00,6/8/23 10:00
303-3,Guest132,1 People 6/1/2023 - 6/7/2023,,emailaddress_1@gmail.com,0,0,6/1/23 11:00,6/7/23 10:00
303-3,Guest133,1 People 6/8/2023 - 6/12/2023,,emailaddress_1@gmail.com,0,0,6/8/23 11:00,6/12/23 10:00
303-3,Guest134,1 People 6/7/2023 - 6/8/2023,,emailaddress_1@gmail.com,0,0,6/7/23 11:00,6/8/23 10:00
303-4,Guest135,1 People 6/9/2023 - 6/11/2023,,emailaddress_1@gmail.com,0,0,6/9/23 11:00,6/11/23 10:00
303-4,Guest136,1 People 6/3/2023 - 6/6/2023,,emailaddress_1@gmail.com,100,-100,6/3/23 11:00,6/6/23 10:00
303-4,Guest137,1 People 6/11/2023 - 6/14/2023,,emailaddress_1@gmail.com,0,0,6/11/23 11:00,6/14/23 10:00
303-5,Guest138,1 People 6/10/2023 - 6/13/2023,,emailaddress_1@gmail.com,0,0,6/10/23 11:00,6/13/23 10:00
303-5,Guest139,1 People 6/3/2023 - 6/6/2023,,emailaddress_1@gmail.com,100,-100,6/3/23 11:00,6/6/23 10:00
303-5,Guest140,1 People 6/7/2023 - 6/10/2023,,emailaddress_1@gmail.com,0,304.83,6/7/23 11:00,6/10/23 10:00
303-6,Guest141,1 People 6/6/2023 - 6/8/2023,,emailaddress_1@gmail.com,0,0,6/6/23 11:00,6/8/23 10:00
303-6,Guest142,1 People 6/9/2023 - 6/15/2023,,emailaddress_1@gmail.com,0,0,6/9/23 11:00,6/15/23 10:00
304-1,Guest143,1 People 6/10/2023 - 6/12/2023,,emailaddress_1@gmail.com,0,0,6/10/23 11:00,6/12/23 10:00
304-1,Guest144,1 People 5/27/2023 - 6/7/2023,,emailaddress_1@gmail.com,0,0,5/27/23 11:00,6/7/23 10:00
304-1,Guest145,1 People 6/8/2023 - 6/10/2023,,emailaddress_1@gmail.com,0,0,6/8/23 11:00,6/10/23 10:00
304-2,Guest146,1 People 5/30/2023 - 6/6/2023,,emailaddress_1@gmail.com,0,0,5/30/23 11:00,6/6/23 10:00
304-2,Guest147,1 People 6/7/2023 - 6/10/2023,,emailaddress_1@gmail.com,0,0,6/7/23 11:00,6/10/23 10:00
304-2,Guest148,1 People 6/10/2023 - 6/13/2023,,emailaddress_1@gmail.com,0,469.1,6/10/23 11:00,6/13/23 10:00
304-3,Guest149,1 People 6/11/2023 - 6/14/2023,,emailaddress_1@gmail.com,0,400.67,6/11/23 11:00,6/14/23 10:00
304-3,Guest150,1 People 6/5/2023 - 6/11/2023,,emailaddress_1@gmail.com,0,0,6/5/23 11:00,6/11/23 10:00
304-4,Guest151,1 People 6/9/2023 - 6/13/2023,,emailaddress_1@gmail.com,0,0,6/9/23 11:00,6/13/23 10:00
304-4,Guest152,1 People 6/8/2023 - 6/9/2023,,emailaddress_1@gmail.com,0,0,6/8/23 11:00,6/9/23 10:00
304-4,Guest153,1 People 6/6/2023 - 6/8/2023,,emailaddress_1@gmail.com,0,150.46,6/6/23 11:00,6/8/23 10:00
305-1,Guest154,1 People 6/8/2023 - 6/12/2023,,emailaddress_1@gmail.com,0,0,6/8/23 11:00,6/12/23 10:00
305-1,Guest155,1 People 5/30/2023 - 6/6/2023,,emailaddress_1@gmail.com,,,5/30/23 11:00,6/6/23 10:00
305-1,Guest156,1 People 6/6/2023 - 6/8/2023,,emailaddress_1@gmail.com,0,0,6/6/23 11:00,6/8/23 10:00
305-2,Guest157,1 People 6/7/2023 - 6/8/2023,,emailaddress_1@gmail.com,0,0,6/7/23 11:00,6/8/23 10:00
305-2,Guest158,1 People 5/31/2023 - 6/6/2023,,emailaddress_1@gmail.com,100,-100.44,5/31/23 11:00,6/6/23 10:00
305-2,Guest159,1 People 6/8/2023 - 6/11/2023,,emailaddress_1@gmail.com,0,0,6/8/23 11:00,6/11/23 10:00
305-3,Guest160,1 People 6/2/2023 - 6/8/2023,,emailaddress_1@gmail.com,100,-100,6/2/23 11:00,6/8/23 10:00
305-3,Guest161,1 People 6/8/2023 - 6/10/2023,,emailaddress_1@gmail.com,0,0,6/8/23 11:00,6/10/23 10:00
305-3,Guest162,1 People 6/10/2023 - 6/12/2023,,emailaddress_1@gmail.com,,,6/10/23 11:00,6/12/23 10:00
305-4,Guest163,1 People 6/7/2023 - 6/8/2023,,emailaddress_1@gmail.com,0,0,6/7/23 11:00,6/8/23 10:00
305-4,Guest164,1 People 6/8/2023 - 6/10/2023,,emailaddress_1@gmail.com,,,6/8/23 11:00,6/10/23 10:00
305-4,Guest165,1 People 6/3/2023 - 6/7/2023,,emailaddress_1@gmail.com,100,-100,6/3/23 11:00,6/7/23 10:00
305-4,Guest166,1 People 6/10/2023 - 6/12/2023,,emailaddress_1@gmail.com,,,6/10/23 11:00,6/12/23 10:00
306-1,Guest167,1 People 6/9/2023 - 6/11/2023,,emailaddress_1@gmail.com,0,185.62,6/9/23 11:00,6/11/23 10:00
306-1,Guest168,1 People 6/5/2023 - 6/7/2023,,emailaddress_1@gmail.com,0,0,6/5/23 11:00,6/7/23 10:00
306-1,Guest169,1 People 6/7/2023 - 6/9/2023,,emailaddress_1@gmail.com,0,139.96,6/7/23 11:00,6/9/23 10:00
306-1,Guest170,1 People 6/11/2023 - 6/12/2023,,emailaddress_1@gmail.com,0,0,6/11/23 11:00,6/12/23 10:00
306-2,Guest171,1 People 6/11/2023 - 6/15/2023,,emailaddress_1@gmail.com,0,0,6/11/23 11:00,6/15/23 10:00
306-2,Guest172,1 People 6/7/2023 - 6/11/2023,,emailaddress_1@gmail.com,0,0,6/7/23 11:00,6/11/23 10:00
306-2,Guest173,1 People 6/3/2023 - 6/7/2023,,emailaddress_1@gmail.com,100,-100,6/3/23 11:00,6/7/23 10:00
306-3,Guest174,1 People 6/6/2023 - 6/9/2023,,emailaddress_1@gmail.com,0,209.94,6/6/23 11:00,6/9/23 10:00
306-3,Guest175,1 People 6/9/2023 - 6/14/2023,,emailaddress_1@gmail.com,0,0,6/9/23 11:00,6/14/23 10:00
306-4,Guest176,1 People 5/31/2023 - 6/10/2023,,emailaddress_1@gmail.com,100,-100,5/31/23 11:00,6/10/23 10:00
306-4,Guest177,1 People 6/10/2023 - 6/12/2023,,emailaddress_1@gmail.com,0,0,6/10/23 11:00,6/12/23 10:00
307-1,Guest178,1 People 6/8/2023 - 6/12/2023,,emailaddress_1@gmail.com,0,0,6/8/23 11:00,6/12/23 10:00
307-1,Guest179,1 People 6/1/2023 - 6/6/2023,,emailaddress_1@gmail.com,100,-100,6/1/23 11:00,6/6/23 10:00
307-2,Guest180,1 People 6/8/2023 - 6/9/2023,,emailaddress_1@gmail.com,0,0,6/8/23 11:00,6/9/23 10:00
307-2,Guest181,1 People 6/3/2023 - 6/8/2023,,emailaddress_1@gmail.com,100,-100,6/3/23 11:00,6/8/23 10:00
307-2,Guest182,1 People 6/10/2023 - 6/11/2023,,emailaddress_1@gmail.com,0,129.43,6/10/23 11:00,6/11/23 10:00
307-2,Guest183,1 People 6/11/2023 - 6/15/2023,,emailaddress_1@gmail.com,0,103.29,6/11/23 11:00,6/15/23 10:00
307-2,Guest184,1 People 6/9/2023 - 6/10/2023,,emailaddress_1@gmail.com,0,0,6/9/23 11:00,6/10/23 10:00
307-3,Guest185,1 People 6/11/2023 - 6/12/2023,,emailaddress_1@gmail.com,0,212.48,6/11/23 11:00,6/12/23 10:00
307-3,Guest186,1 People 6/5/2023 - 6/7/2023,,emailaddress_1@gmail.com,0,0,6/5/23 11:00,6/7/23 10:00
307-3,Guest187,1 People 6/8/2023 - 6/11/2023,,emailaddress_1@gmail.com,0,0,6/8/23 11:00,6/11/23 10:00
307-4,Guest188,1 People 6/4/2023 - 6/8/2023,,emailaddress_1@gmail.com,100,-100,6/4/23 11:00,6/8/23 10:00
307-4,Guest189,1 People 6/9/2023 - 6/12/2023,,emailaddress_1@gmail.com,0,0,6/9/23 11:00,6/12/23 10:00
307-5,Guest190,1 People 6/9/2023 - 6/13/2023,,emailaddress_1@gmail.com,0,0,6/9/23 11:00,6/13/23 10:00
307-5,Guest191,1 People 6/4/2023 - 6/6/2023,,emailaddress_1@gmail.com,,,6/4/23 11:00,6/6/23 10:00
307-5,Guest192,1 People 6/6/2023 - 6/8/2023,,emailaddress_1@gmail.com,0,0,6/6/23 11:00,6/8/23 10:00
307-6,Guest193,1 People 6/6/2023 - 6/8/2023,,emailaddress_1@gmail.com,0,133.08,6/6/23 11:00,6/8/23 10:00
307-6,Guest194,1 People 6/4/2023 - 6/6/2023,,emailaddress_1@gmail.com,0,0,6/4/23 11:00,6/6/23 10:00
307-6,Guest195,1 People 6/8/2023 - 6/10/2023,,emailaddress_1@gmail.com,0,0,6/8/23 11:00,6/10/23 10:00
307-6,Guest196,1 People 6/10/2023 - 6/12/2023,,emailaddress_1@gmail.com,0,168.69,6/10/23 11:00,6/12/23 10:00
308-1,Guest197,1 People 6/6/2023 - 6/8/2023,,emailaddress_1@gmail.com,0,0,6/6/23 11:00,6/8/23 10:00
308-1,Guest198,1 People 6/10/2023 - 6/12/2023,,emailaddress_1@gmail.com,0,236.42,6/10/23 11:00,6/12/23 10:00
308-2,Guest199,1 People 6/10/2023 - 6/18/2023,,emailaddress_1@gmail.com,0,0,6/10/23 11:00,6/18/23 10:00
308-2,Guest200,1 People 6/8/2023 - 6/10/2023,,emailaddress_1@gmail.com,0,0,6/8/23 11:00,6/10/23 10:00
308-2,Guest201,1 People 6/3/2023 - 6/7/2023,,emailaddress_1@gmail.com,100,-100,6/3/23 11:00,6/7/23 10:00
308-3,Guest202,1 People 6/4/2023 - 6/7/2023,,emailaddress_1@gmail.com,0,0,6/4/23 11:00,6/7/23 10:00
308-3,Guest203,1 People 6/9/2023 - 6/16/2023,,emailaddress_1@gmail.com,0,0,6/9/23 11:00,6/16/23 10:00
308-4,Guest204,1 People 6/10/2023 - 6/18/2023,,emailaddress_1@gmail.com,0,800.2,6/10/23 11:00,6/18/23 10:00
308-4,Guest205,1 People 6/7/2023 - 6/8/2023,,emailaddress_1@gmail.com,0,0,6/7/23 11:00,6/8/23 10:00
308-4,Guest206,1 People 5/31/2023 - 6/7/2023,,emailaddress_1@gmail.com,0,0,5/31/23 11:00,6/7/23 10:00
308-5,Guest207,1 People 6/6/2023 - 6/8/2023,,emailaddress_1@gmail.com,0,0,6/6/23 11:00,6/8/23 10:00
308-5,Guest208,1 People 6/5/2023 - 6/6/2023,,emailaddress_1@gmail.com,0,0,6/5/23 11:00,6/6/23 10:00
308-5,Guest209,1 People 6/8/2023 - 6/15/2023,,emailaddress_1@gmail.com,0,526.42,6/8/23 11:00,6/15/23 10:00
308-6,Guest210,1 People 6/5/2023 - 6/6/2023,,emailaddress_1@gmail.com,0,2.56,6/5/23 11:00,6/6/23 10:00
308-6,Guest211,1 People 6/10/2023 - 6/12/2023,,emailaddress_1@gmail.com,0,0,6/10/23 11:00,6/12/23 10:00
309-1,Guest212,1 People 6/10/2023 - 6/14/2023,,emailaddress_1@gmail.com,0,0,6/10/23 11:00,6/14/23 10:00
309-1,Guest213,1 People 5/21/2023 - 6/5/2023,,emailaddress_1@gmail.com,0,0,5/21/23 11:00,6/5/23 10:00
309-1,Guest214,1 People 6/5/2023 - 6/6/2023,,emailaddress_1@gmail.com,0,0,6/5/23 11:00,6/6/23 10:00
309-2,Guest215,1 People 6/10/2023 - 6/12/2023,,emailaddress_1@gmail.com,0,0,6/10/23 11:00,6/12/23 10:00
309-2,Guest216,1 People 6/4/2023 - 6/6/2023,,emailaddress_1@gmail.com,0,0,6/4/23 11:00,6/6/23 10:00
309-3,Guest217,1 People 6/5/2023 - 6/7/2023,,emailaddress_1@gmail.com,0,0,6/5/23 11:00,6/7/23 10:00
309-3,Guest218,1 People 6/10/2023 - 6/11/2023,,emailaddress_1@gmail.com,0,123.58,6/10/23 11:00,6/11/23 10:00
309-3,Guest219,1 People 6/11/2023 - 6/25/2023,,emailaddress_1@gmail.com,,,6/11/23 11:00,6/25/23 10:00
309-4,Guest220,1 People 6/7/2023 - 6/9/2023,,emailaddress_1@gmail.com,0,0,6/7/23 11:00,6/9/23 10:00
309-4,Guest221,1 People 6/5/2023 - 6/7/2023,,emailaddress_1@gmail.com,0,0,6/5/23 11:00,6/7/23 10:00
309-4,Guest222,1 People 6/9/2023 - 6/14/2023,,emailaddress_1@gmail.com,0,563.15,6/9/23 11:00,6/14/23 10:00
309-5,Guest223,1 People 6/6/2023 - 6/9/2023,,emailaddress_1@gmail.com,0,0,6/6/23 11:00,6/9/23 10:00
309-5,Guest224,1 People 6/9/2023 - 6/12/2023,,emailaddress_1@gmail.com,0,0,6/9/23 11:00,6/12/23 10:00
309-6,Guest225,1 People 6/5/2023 - 6/6/2023,,emailaddress_1@gmail.com,0,0.01,6/5/23 11:00,6/6/23 10:00
309-6,Guest226,1 People 6/6/2023 - 6/8/2023,,emailaddress_1@gmail.com,0,147.32,6/6/23 11:00,6/8/23 10:00
309-6,Guest227,1 People 6/9/2023 - 6/14/2023,,emailaddress_1@gmail.com,0,0,6/9/23 11:00,6/14/23 10:00
310-1,Guest228,1 People 6/9/2023 - 6/11/2023,,emailaddress_1@gmail.com,0,0,6/9/23 11:00,6/11/23 10:00
310-1,Guest229,1 People 6/6/2023 - 6/7/2023,,emailaddress_1@gmail.com,0,0,6/6/23 11:00,6/7/23 10:00
310-1,Guest230,1 People 6/11/2023 - 6/12/2023,,emailaddress_1@gmail.com,0,129.72,6/11/23 11:00,6/12/23 10:00
310-2,Guest231,1 People 6/7/2023 - 6/8/2023,,emailaddress_1@gmail.com,0,0,6/7/23 11:00,6/8/23 10:00
310-2,Guest232,1 People 6/8/2023 - 6/12/2023,,emailaddress_1@gmail.com,0,0,6/8/23 11:00,6/12/23 10:00
310-3,Guest233,1 People 6/1/2023 - 6/14/2023,,emailaddress_1@gmail.com,0,0,6/1/23 11:00,6/14/23 10:00
310-4,Guest234,1 People 6/5/2023 - 6/16/2023,,emailaddress_1@gmail.com,0,0,6/5/23 11:00,6/16/23 10:00
310-5,Guest235,1 People 6/10/2023 - 6/13/2023,,emailaddress_1@gmail.com,0,0,6/10/23 11:00,6/13/23 10:00
310-5,Guest236,1 People 6/7/2023 - 6/8/2023,,emailaddress_1@gmail.com,0,0,6/7/23 11:00,6/8/23 10:00
310-6,Guest237,1 People 6/10/2023 - 6/11/2023,,emailaddress_1@gmail.com,0,0,6/10/23 11:00,6/11/23 10:00
310-6,Guest238,1 People 6/11/2023 - 6/19/2023,,emailaddress_1@gmail.com,0,0,6/11/23 11:00,6/19/23 10:00
401-1,Guest239,1 People 6/4/2023 - 6/5/2023,,emailaddress_1@gmail.com,0,0,6/4/23 11:00,6/5/23 10:00
401-1,Guest240,1 People 6/5/2023 - 6/6/2023,,emailaddress_1@gmail.com,0,0,6/5/23 11:00,6/6/23 10:00
401-1,Guest241,1 People 6/10/2023 - 6/11/2023,,emailaddress_1@gmail.com,0,182.52,6/10/23 11:00,6/11/23 10:00
401-1,Guest242,1 People 6/6/2023 - 6/9/2023,,emailaddress_1@gmail.com,0,0,6/6/23 11:00,6/9/23 10:00
401-2,Guest243,1 People 6/10/2023 - 6/12/2023,,emailaddress_1@gmail.com,0,343.23,6/10/23 11:00,6/12/23 10:00
401-2,Guest244,1 People 6/8/2023 - 6/10/2023,,emailaddress_1@gmail.com,0,0,6/8/23 11:00,6/10/23 10:00
401-2,Guest245,1 People 6/7/2023 - 6/8/2023,,emailaddress_1@gmail.com,0,85.45,6/7/23 11:00,6/8/23 10:00
401-2,Guest246,1 People 6/5/2023 - 6/7/2023,,emailaddress_1@gmail.com,0,0,6/5/23 11:00,6/7/23 10:00
402-1,Guest247,1 People 6/7/2023 - 6/10/2023,,emailaddress_1@gmail.com,0,290.21,6/7/23 11:00,6/10/23 10:00
402-1,Guest248,1 People 6/10/2023 - 6/12/2023,,emailaddress_1@gmail.com,0,0,6/10/23 11:00,6/12/23 10:00
402-1,Guest249,1 People 6/4/2023 - 6/7/2023,,emailaddress_1@gmail.com,0,0,6/4/23 11:00,6/7/23 10:00
402-2,Guest250,1 People 6/5/2023 - 6/7/2023,,emailaddress_1@gmail.com,0,0,6/5/23 11:00,6/7/23 10:00
402-2,Guest251,1 People 6/9/2023 - 6/10/2023,,emailaddress_1@gmail.com,0,146.36,6/9/23 11:00,6/10/23 10:00
402-2,Guest252,1 People 6/7/2023 - 6/8/2023,,emailaddress_1@gmail.com,0,0,6/7/23 11:00,6/8/23 10:00
402-2,Guest253,1 People 6/8/2023 - 6/9/2023,,emailaddress_1@gmail.com,0,0,6/8/23 11:00,6/9/23 10:00
402-2,Guest254,1 People 6/10/2023 - 6/11/2023,,emailaddress_1@gmail.com,0,127.2,6/10/23 11:00,6/11/23 10:00
405-1,Guest255,1 People 6/9/2023 - 6/12/2023,,emailaddress_1@gmail.com,0,0,6/9/23 11:00,6/12/23 10:00
405-1,Guest256,1 People 6/7/2023 - 6/9/2023,,emailaddress_1@gmail.com,0,0,6/7/23 11:00,6/9/23 10:00
405-1,Guest257,1 People 6/6/2023 - 6/7/2023,,emailaddress_1@gmail.com,0,0,6/6/23 11:00,6/7/23 10:00
405-1,Guest258,1 People 6/5/2023 - 6/6/2023,,emailaddress_1@gmail.com,0,0,6/5/23 11:00,6/6/23 10:00
405-2,Guest259,1 People 6/2/2023 - 6/6/2023,,emailaddress_1@gmail.com,100,-100,6/2/23 11:00,6/6/23 10:00
405-2,Guest260,1 People 6/6/2023 - 6/8/2023,,emailaddress_1@gmail.com,0,0,6/6/23 11:00,6/8/23 10:00
405-2,Guest261,1 People 6/8/2023 - 6/11/2023,,emailaddress_1@gmail.com,0,0,6/8/23 11:00,6/11/23 10:00
405-3,Guest262,1 People 6/7/2023 - 6/13/2023,,emailaddress_1@gmail.com,0,0,6/7/23 11:00,6/13/23 10:00
405-3,Guest263,1 People 6/6/2023 - 6/7/2023,,emailaddress_1@gmail.com,0,69.98,6/6/23 11:00,6/7/23 10:00
405-3,Guest264,1 People 6/2/2023 - 6/6/2023,,emailaddress_1@gmail.com,100,-100,6/2/23 11:00,6/6/23 10:00
405-4,Guest265,1 People 6/5/2023 - 6/12/2023,,emailaddress_1@gmail.com,0,0,6/5/23 11:00,6/12/23 10:00
406-1,Guest266,1 People 6/9/2023 - 6/11/2023,,emailaddress_1@gmail.com,0,508.8,6/9/23 11:00,6/11/23 10:00
406-1,Guest267,1 People 6/11/2023 - 6/14/2023,,emailaddress_1@gmail.com,0,390.55,6/11/23 11:00,6/14/23 10:00
406-1,Guest268,1 People 6/4/2023 - 6/9/2023,,emailaddress_1@gmail.com,100,-100,6/4/23 11:00,6/9/23 10:00
406-2,Guest269,1 People 6/9/2023 - 6/11/2023,,emailaddress_1@gmail.com,,,6/9/23 11:00,6/11/23 10:00
406-2,Guest270,1 People 6/5/2023 - 6/7/2023,,emailaddress_1@gmail.com,0,0,6/5/23 11:00,6/7/23 10:00
406-2,Guest271,1 People 6/8/2023 - 6/9/2023,,emailaddress_1@gmail.com,0,0,6/8/23 11:00,6/9/23 10:00
406-2,Guest272,1 People 6/7/2023 - 6/8/2023,,emailaddress_1@gmail.com,0,0,6/7/23 11:00,6/8/23 10:00
406-3,Guest273,1 People 6/9/2023 - 6/11/2023,,emailaddress_1@gmail.com,0,0,6/9/23 11:00,6/11/23 10:00
406-3,Guest274,1 People 6/6/2023 - 6/8/2023,,emailaddress_1@gmail.com,0,195.2,6/6/23 11:00,6/8/23 10:00
406-3,Guest275,1 People 6/5/2023 - 6/6/2023,,emailaddress_1@gmail.com,0,0,6/5/23 11:00,6/6/23 10:00
406-4,Guest276,1 People 6/6/2023 - 6/7/2023,,emailaddress_1@gmail.com,0,0,6/6/23 11:00,6/7/23 10:00
406-4,Guest277,1 People 6/10/2023 - 6/11/2023,,emailaddress_1@gmail.com,0,0,6/10/23 11:00,6/11/23 10:00
406-4,Guest278,1 People 6/11/2023 - 6/15/2023,,emailaddress_1@gmail.com,0,486.82,6/11/23 11:00,6/15/23 10:00
406-4,Guest279,1 People 6/7/2023 - 6/10/2023,,emailaddress_1@gmail.com,0,0,6/7/23 11:00,6/10/23 10:00
406-4,Guest280,1 People 6/5/2023 - 6/6/2023,,emailaddress_1@gmail.com,0,0,6/5/23 11:00,6/6/23 10:00
407-1,Guest281,1 People 6/8/2023 - 6/15/2023,,emailaddress_1@gmail.com,0,0,6/8/23 11:00,6/15/23 10:00
407-1,Guest282,1 People 6/5/2023 - 6/7/2023,,emailaddress_1@gmail.com,0,0,6/5/23 11:00,6/7/23 10:00
407-2,Guest283,1 People 6/7/2023 - 6/12/2023,,emailaddress_1@gmail.com,0,0,6/7/23 11:00,6/12/23 10:00
407-3,Guest284,1 People 6/10/2023 - 6/11/2023,,emailaddress_1@gmail.com,,,6/10/23 11:00,6/11/23 10:00
407-3,Guest285,1 People 6/1/2023 - 6/10/2023,,emailaddress_1@gmail.com,0,0,6/1/23 11:00,6/10/23 10:00
407-3,Guest286,1 People 6/11/2023 - 6/14/2023,,emailaddress_1@gmail.com,0,0,6/11/23 11:00,6/14/23 10:00
407-4,Guest287,1 People 6/10/2023 - 6/11/2023,,emailaddress_1@gmail.com,0,444.24,6/10/23 11:00,6/11/23 10:00
407-4,Guest288,1 People 6/11/2023 - 6/13/2023,,emailaddress_1@gmail.com,0,241.1,6/11/23 11:00,6/13/23 10:00
407-4,Guest289,1 People 6/8/2023 - 6/10/2023,,emailaddress_1@gmail.com,0,0,6/8/23 11:00,6/10/23 10:00
407-4,Guest290,1 People 6/3/2023 - 6/6/2023,,emailaddress_1@gmail.com,0,0,6/3/23 11:00,6/6/23 10:00
407-5,Guest291,1 People 6/7/2023 - 6/10/2023,,emailaddress_1@gmail.com,0,0,6/7/23 11:00,6/10/23 10:00
407-5,Guest292,1 People 6/4/2023 - 6/6/2023,,emailaddress_1@gmail.com,100,-100,6/4/23 11:00,6/6/23 10:00
407-5,Guest293,1 People 6/11/2023 - 6/14/2023,,emailaddress_1@gmail.com,0,356.47,6/11/23 11:00,6/14/23 10:00
407-5,Guest294,1 People 6/10/2023 - 6/11/2023,,emailaddress_1@gmail.com,,,6/10/23 11:00,6/11/23 10:00
407-6,Guest295,1 People 6/9/2023 - 6/15/2023,,emailaddress_1@gmail.com,0,0,6/9/23 11:00,6/15/23 10:00
408-1,Guest296,1 People 6/11/2023 - 6/14/2023,,emailaddress_1@gmail.com,0,0,6/11/23 11:00,6/14/23 10:00
408-1,Guest297,1 People 6/5/2023 - 6/6/2023,,emailaddress_1@gmail.com,0,0,6/5/23 11:00,6/6/23 10:00
408-1,Guest298,1 People 6/8/2023 - 6/11/2023,,emailaddress_1@gmail.com,0,234.98,6/8/23 11:00,6/11/23 10:00
408-1,Guest299,1 People 6/6/2023 - 6/8/2023,,emailaddress_1@gmail.com,0,0,6/6/23 11:00,6/8/23 10:00
408-2,Guest300,1 People 6/8/2023 - 6/11/2023,,emailaddress_1@gmail.com,0,0,6/8/23 11:00,6/11/23 10:00
408-2,Guest301,1 People 6/5/2023 - 6/7/2023,,emailaddress_1@gmail.com,0,0,6/5/23 11:00,6/7/23 10:00
408-3,Guest302,1 People 6/4/2023 - 6/6/2023,,emailaddress_1@gmail.com,100,-100,6/4/23 11:00,6/6/23 10:00
408-3,Guest303,1 People 6/6/2023 - 6/10/2023,,emailaddress_1@gmail.com,0,0,6/6/23 11:00,6/10/23 10:00
408-3,Guest304,1 People 6/10/2023 - 6/12/2023,,emailaddress_1@gmail.com,0,0,6/10/23 11:00,6/12/23 10:00
408-4,Guest305,1 People 6/9/2023 - 6/10/2023,,emailaddress_1@gmail.com,0,88.4,6/9/23 11:00,6/10/23 10:00
408-4,Guest306,1 People 6/4/2023 - 6/5/2023,,emailaddress_1@gmail.com,0,0,6/4/23 11:00,6/5/23 10:00
408-4,Guest307,1 People 6/5/2023 - 6/6/2023,,emailaddress_1@gmail.com,0,0,6/5/23 11:00,6/6/23 10:00
408-4,Guest308,1 People 6/6/2023 - 6/8/2023,,emailaddress_1@gmail.com,0,0,6/6/23 11:00,6/8/23 10:00
408-4,Guest309,1 People 6/10/2023 - 6/11/2023,,emailaddress_1@gmail.com,0,95.04,6/10/23 11:00,6/11/23 10:00
408-4,Guest310,1 People 6/11/2023 - 6/14/2023,,emailaddress_1@gmail.com,0,232.76,6/11/23 11:00,6/14/23 10:00
408-5,Guest311,1 People 6/8/2023 - 6/9/2023,,emailaddress_1@gmail.com,,,6/8/23 11:00,6/9/23 10:00
408-5,Guest312,1 People 6/9/2023 - 6/12/2023,,emailaddress_1@gmail.com,0,0,6/9/23 11:00,6/12/23 10:00
408-6,Guest313,1 People 6/3/2023 - 6/13/2023,,emailaddress_1@gmail.com,100,-100,6/3/23 11:00,6/13/23 10:00
409-1,Guest314,1 People 6/8/2023 - 6/12/2023,,emailaddress_1@gmail.com,0,441.92,6/8/23 11:00,6/12/23 10:00
409-1,Guest315,1 People 6/6/2023 - 6/8/2023,,emailaddress_1@gmail.com,0,0,6/6/23 11:00,6/8/23 10:00
409-1,Guest316,1 People 6/5/2023 - 6/6/2023,,emailaddress_1@gmail.com,0,0,6/5/23 11:00,6/6/23 10:00
409-2,Guest317,1 People 6/4/2023 - 6/12/2023,,emailaddress_1@gmail.com,0,0,6/4/23 11:00,6/12/23 10:00
409-3,Guest318,1 People 6/7/2023 - 6/10/2023,,emailaddress_1@gmail.com,0,0,6/7/23 11:00,6/10/23 10:00
409-3,Guest319,1 People 6/10/2023 - 6/17/2023,,emailaddress_1@gmail.com,0,950.54,6/10/23 11:00,6/17/23 10:00
409-3,Guest320,1 People 6/5/2023 - 6/7/2023,,emailaddress_1@gmail.com,0,0,6/5/23 11:00,6/7/23 10:00
409-4,Guest321,1 People 6/3/2023 - 6/11/2023,,emailaddress_1@gmail.com,100,-100,6/3/23 11:00,6/11/23 10:00
409-4,Guest322,1 People 6/11/2023 - 6/14/2023,,emailaddress_1@gmail.com,0,469.87,6/11/23 11:00,6/14/23 10:00
409-5,Guest323,1 People 6/6/2023 - 6/13/2023,,emailaddress_1@gmail.com,0,0,6/6/23 11:00,6/13/23 10:00
409-5,Guest324,1 People 6/3/2023 - 6/5/2023,,emailaddress_1@gmail.com,0,0,6/3/23 11:00,6/5/23 10:00
409-5,Guest325,1 People 6/5/2023 - 6/6/2023,,emailaddress_1@gmail.com,0,0,6/5/23 11:00,6/6/23 10:00
409-6,Guest326,1 People 6/8/2023 - 6/9/2023,,emailaddress_1@gmail.com,0,190.82,6/8/23 11:00,6/9/23 10:00
409-6,Guest327,1 People 6/9/2023 - 6/12/2023,,emailaddress_1@gmail.com,0,0,6/9/23 11:00,6/12/23 10:00
409-6,Guest328,1 People 6/5/2023 - 6/7/2023,,emailaddress_1@gmail.com,0,0,6/5/23 11:00,6/7/23 10:00
410-1,Guest329,1 People 6/3/2023 - 6/8/2023,,emailaddress_1@gmail.com,100,-100,6/3/23 11:00,6/8/23 10:00
410-1,Guest330,1 People 6/8/2023 - 6/11/2023,,emailaddress_1@gmail.com,0,388.03,6/8/23 11:00,6/11/23 10:00
410-2,Guest331,1 People 6/9/2023 - 6/13/2023,,emailaddress_1@gmail.com,0,0,6/9/23 11:00,6/13/23 10:00
410-2,Guest332,1 People 6/8/2023 - 6/9/2023,,emailaddress_1@gmail.com,0,8.45,6/8/23 11:00,6/9/23 10:00
410-2,Guest333,1 People 6/4/2023 - 6/8/2023,,emailaddress_1@gmail.com,0,0,6/4/23 11:00,6/8/23 10:00
410-3,Guest334,1 People 6/8/2023 - 6/14/2023,,emailaddress_1@gmail.com,0,0,6/8/23 11:00,6/14/23 10:00
410-3,Guest335,1 People 6/3/2023 - 6/7/2023,,emailaddress_1@gmail.com,100,-100,6/3/23 11:00,6/7/23 10:00
410-4,Guest336,1 People 6/5/2023 - 6/8/2023,,emailaddress_1@gmail.com,0,0,6/5/23 11:00,6/8/23 10:00
410-4,Guest337,1 People 6/9/2023 - 6/11/2023,,emailaddress_1@gmail.com,0,246.4,6/9/23 11:00,6/11/23 10:00
410-4,Guest338,1 People 6/8/2023 - 6/9/2023,,emailaddress_1@gmail.com,0,0,6/8/23 11:00,6/9/23 10:00
410-4,Guest339,1 People 5/31/2023 - 6/5/2023,,emailaddress_1@gmail.com,100,-100,5/31/23 11:00,6/5/23 10:00
410-5,Guest340,1 People 6/10/2023 - 6/11/2023,,emailaddress_1@gmail.com,0,88.4,6/10/23 11:00,6/11/23 10:00
410-5,Guest341,1 People 6/1/2023 - 6/10/2023,,emailaddress_1@gmail.com,0,0,6/1/23 11:00,6/10/23 10:00
410-6,Guest342,1 People 6/9/2023 - 6/12/2023,,emailaddress_1@gmail.com,0,0,6/9/23 11:00,6/12/23 10:00
410-6,Guest343,1 People 6/2/2023 - 6/8/2023,,emailaddress_1@gmail.com,100,-100,6/2/23 11:00,6/8/23 10:00
